CODE_DEPARTEMENT,MOIS_ANNEE,TEMP_MOYENNE_C,TEMP_MAX_MOY_C,TEMP_MIN_MOY_C
1,2026-07,21.959182626012545,29.495709251448634,14.155696723113635
1,2026-08,22.8449883603869,31.265451055974733,14.457710769149871
1,2026-09,16.872014545329442,22.93302281137552,10.62724468721166
1,2026-10,13.916572369126445,19.10322800907958,8.364818236711747
1,2026-11,8.315805564775923,13.49947734621955,3.2749359730941805
1,2026-12,4.248150791540893,8.868994250744494,-0.17428478824260912
1,2027-01,3.79199925938201,8.537296097937055,-0.8363201801587715
1,2027-02,7.015192550198144,12.158659704549407,2.0906688831715265
1,2027-03,8.777415080694235,15.409004134358836,2.2866490070033962
1,2027-04,13.010660287454433,21.36518194806999,5.124650273830261
1,2027-05,16.04483111637167,23.591152762526367,8.748292024109185
1,2027-06,19.798343508035664,28.00355682860815,12.370101406448759
2,2026-07,21.10667762947512,28.04137127268975,13.987042063538409
2,2026-08,21.288642280957085,28.348819770300942,14.116222963475256
2,2026-09,17.478679977360677,22.65289649584977,11.903795800443252
2,2026-10,14.235475235337388,18.637445182774325,9.516345019646037
2,2026-11,9.042622759333927,12.695731386516437,5.6002401783679066
2,2026-12,6.673726729179095,10.14187995652291,3.260160192767619
2,2027-01,4.825802895118563,8.589383289135588,1.1851379104039383
2,2027-02,7.342213223549897,11.561240931803372,3.7288443858383125
2,2027-03,9.820152532466945,16.044533708658143,3.9024646021776954
2,2027-04,12.833855763579663,20.04657164139964,5.831963249896392
2,2027-05,15.619542356991799,22.19252441445804,9.3216744511903
2,2027-06,19.307077036830908,26.455100827925556,12.846262941771764
3,2026-07,24.138478259417237,31.33168214626378,15.649173533560013
3,2026-08,24.087452558084735,32.026814574346055,15.779288589567166
3,2026-09,18.334475116353044,24.153210617298328,11.946764638339893
3,2026-10,15.976610803821519,21.568165006286844,9.919658491697643
3,2026-11,11.404269772570546,16.181218753898982,5.990465518478968
3,2026-12,7.5290905502111025,12.059732038928196,2.5427901879802994
3,2027-01,6.59367623717189,11.321450773510044,1.324784113614937
3,2027-02,9.727796380802817,15.135253974688386,3.659816238262996
3,2027-03,10.517520094980481,17.150505750265328,3.689805749210691
3,2027-04,14.716197688108293,22.614071813246316,6.4259558535641474
3,2027-05,17.83473041723362,25.43411289916287,9.748813530441431
3,2027-06,21.62950763216259,29.584082473623127,13.439734619957214
4,2026-07,21.471623319518557,30.18909381229494,13.166388551588526
4,2026-08,21.908569819577533,30.424295040548408,13.349737603606151
4,2026-09,15.831643920288416,22.83261376631398,8.876510692503365
4,2026-10,12.745906185671423,19.086286716767813,6.589485134611234
4,2026-11,7.059417873258952,13.20129799958099,1.040495975372025
4,2026-12,5.159444363042659,10.719610854553363,-0.9426489789465391
4,2027-01,3.102754023553719,8.179117690696772,-1.6598532046984489
4,2027-02,6.490917886946952,11.9149999891111,0.9256386010592467
4,2027-03,7.374693053805414,13.86927490785408,0.7141365694241225
4,2027-04,12.60725746950871,21.012124858488708,4.090621800467104
4,2027-05,14.595845802457994,21.831728999418864,7.200119595411679
4,2027-06,19.798052428567356,28.33810253079881,11.080678638753547
5,2026-07,19.453120260121196,27.700495608591496,11.421888602187055
5,2026-08,20.427370930066562,28.89683754699614,12.188627337152404
5,2026-09,14.592813114780302,21.40516466660856,8.076363110016214
5,2026-10,11.775160545725031,17.97216876203473,5.738372989326596
5,2026-11,5.650149048461188,11.44096526771675,-0.007471420140279784
5,2026-12,3.669766773451927,8.901645020532728,-1.9260548748429533
5,2027-01,0.9465361816184977,5.774880931794237,-3.711281753430414
5,2027-02,4.659951739994477,10.29862080126725,-1.127472132469488
5,2027-03,5.772126369498956,11.967544601633437,-0.5277382639477327
5,2027-04,11.330524143631152,19.711326131581774,3.0495148427305994
5,2027-05,13.00937292848999,20.188150559752472,5.941893503153233
5,2027-06,18.11202227643022,26.738754550243474,9.656841240119922
6,2026-07,23.297477065571886,29.377143501038912,17.49025900248693
6,2026-08,23.438469622086117,29.25897676283445,17.81511599782085
6,2026-09,18.398132606188323,23.93626004734124,12.963329637018692
6,2026-10,15.186370646959807,19.91733103735253,10.534496336521212
6,2026-11,10.152138389850242,14.520247632576725,5.748919437303054
6,2026-12,7.789284038170117,11.769495657012515,3.7186632913380433
6,2027-01,6.203707561863959,10.150620408199103,2.2648191381900586
6,2027-02,8.679677724630647,13.087315204048648,4.340393773028837
6,2027-03,9.404416798029413,14.24594771719604,4.522795982129904
6,2027-04,13.66514332518119,18.983211626102808,8.413879794361975
6,2027-05,16.139517989125956,21.517038454272555,10.793474116807854
6,2027-06,20.92908353184035,26.57931611083933,15.489176380872463
7,2026-07,23.549819789379555,31.22149417629338,16.350640070874437
7,2026-08,24.568277481577546,33.10316202656192,16.778313601159216
7,2026-09,17.663825363435276,24.079315734085196,11.904007651010996
7,2026-10,14.939366322564469,21.160181020633555,9.78527284252186
7,2026-11,10.004186047905705,15.39041532776155,5.342019079773686
7,2026-12,6.946285717559938,11.57595116506201,2.662569174445459
7,2027-01,5.463823169021382,10.258046397944756,1.478705650944689
7,2027-02,8.329336119257313,13.702035891004654,3.355871819030882
7,2027-03,9.455172140393476,15.347539027827928,4.038718230654357
7,2027-04,14.530843034082858,21.76408903594889,7.504796721888443
7,2027-05,16.86633909946037,23.857017635669276,10.301656728828249
7,2027-06,21.378841210183673,28.886843888982252,14.013664042509967
8,2026-07,20.121906173403257,26.89762412566799,13.14283203330891
8,2026-08,20.42495018904967,27.46272120868132,13.62968379782499
8,2026-09,16.473573780321587,21.40130404532694,11.622619248743598
8,2026-10,13.226317945637213,17.430923946496975,8.950255352364998
8,2026-11,7.740766082006221,11.326955892376363,4.774501488792943
8,2026-12,5.104621194786563,8.77816595965714,2.0060696267544054
8,2027-01,3.351567298316942,6.807952781883985,0.28059971511685317
8,2027-02,6.099817780774746,10.082802317535867,2.9817788982262994
8,2027-03,8.661440185796732,15.03864311290404,3.176019480771174
8,2027-04,11.69663702085243,18.940178649331546,5.120925393861407
8,2027-05,14.428727680431162,21.11528898001827,8.46309924753123
8,2027-06,18.252070349592916,25.226356130125662,12.145381884055965
9,2026-07,20.720769670014803,27.055504138423423,14.138247519385395
9,2026-08,22.23592349513797,29.748222921766633,14.943740950115016
9,2026-09,16.434356678109705,22.36435392730132,10.415614632028573
9,2026-10,14.907608785627723,21.209560245253762,8.472600791077648
9,2026-11,9.873555641747764,14.990084731202431,4.395119871193695
9,2026-12,6.858761263948951,12.187465671905905,1.4017989508444573
9,2027-01,5.222503514380733,9.780469993664013,0.28318927054855264
9,2027-02,8.043532844907423,13.789997961510087,2.332151044424579
9,2027-03,9.14569713799224,14.868645006169594,3.3210581784419686
9,2027-04,12.943527588186884,20.086507414526345,6.217873078858505
9,2027-05,15.513072642178779,22.40409947769771,8.81392956190678
9,2027-06,19.652474354222225,27.35583499397434,12.626312705983803
10,2026-07,22.566181078280525,30.021166659571055,14.630113279419914
10,2026-08,22.60893124999984,30.462996760453752,14.987367371995752
10,2026-09,17.924635358602952,23.858822036392475,12.241138895785262
10,2026-10,15.222926307475781,20.741947001372598,10.01999540559817
10,2026-11,9.236653703751598,14.376812786418123,4.983294871546265
10,2026-12,6.370251642956611,11.016182830203764,2.6879033953270643
10,2027-01,5.343354691517805,10.478835699675342,1.0841239152556434
10,2027-02,7.636508347024016,13.34003418503946,3.084234805530192
10,2027-03,9.721536096463632,17.341243925776634,3.4001806697242762
10,2027-04,13.002086433816338,21.7745208106344,5.324816478897813
10,2027-05,15.943432323842705,23.675384525300622,9.323716867076035
10,2027-06,20.073020421005356,28.21576761638811,13.290393036533409
11,2026-07,24.478401084218106,31.47975243790934,18.038487521024926
11,2026-08,25.248507169829338,32.839326558888715,18.639013509200144
11,2026-09,19.124402996378713,25.368206611488375,13.975927634265219
11,2026-10,17.233774636529578,23.867056420089853,12.320288464254913
11,2026-11,11.935996860896745,17.075653528786866,7.93330038037852
11,2026-12,9.2203659228924,14.003731462536912,5.116705593651084
11,2027-01,7.249881586826354,11.978751277402303,3.6007307158974506
11,2027-02,10.161222787805396,15.561268560028848,5.7587803358553975
11,2027-03,11.358155628935771,16.877776942005756,7.062241874212275
11,2027-04,15.464647439628983,22.370836444216778,9.555937107838728
11,2027-05,18.322011643868112,25.1113248501471,12.327213865488863
11,2027-06,23.098750544477497,30.784537322191138,16.436125839840837
12,2026-07,22.235567389356454,28.861479662622486,15.129476072676564
12,2026-08,23.27812252431115,30.947478299498304,15.711017233421533
12,2026-09,17.029072373868463,22.202293127301697,11.158316062233911
12,2026-10,15.36416547303138,20.568506804451587,9.965546792683135
12,2026-11,10.248376055055333,14.292570927402084,5.434310761700937
12,2026-12,7.227580112977405,11.53316037346833,2.664537322456243
12,2027-01,5.570792747444756,9.290688633164697,1.1817774197584927
12,2027-02,7.945071064340282,12.529850875290526,3.1802350286937706
12,2027-03,9.571809608249447,14.573336422138476,3.9915115989794208
12,2027-04,13.31060241473146,20.148813883265042,6.528652776861537
12,2027-05,15.807087276229085,21.973493429891093,9.164209848684656
12,2027-06,19.384028578391447,26.426412419131903,12.534226865578445
13,2026-07,25.63023317222062,32.98947156923436,18.813637704229023
13,2026-08,25.72911760320509,33.0654895986569,18.573359720945838
13,2026-09,19.537234702838607,25.459350153420754,13.982353492243302
13,2026-10,16.732156130453575,22.453505942761982,11.592472870329786
13,2026-11,11.484629407022798,16.822151911722557,6.522398582548352
13,2026-12,9.602301574186923,13.635777227564597,4.831435353219334
13,2027-01,7.837611957533725,12.394855956408415,3.740289448577832
13,2027-02,10.215946334655133,14.694523544994698,5.563063857689488
13,2027-03,11.415567403420054,16.886110209310658,5.972233969265782
13,2027-04,15.48923871849468,22.165153195595785,8.575869356983413
13,2027-05,18.311466290070733,24.461593003690467,11.840712722081483
13,2027-06,23.640549017841632,30.65566358579008,16.254700490665662
14,2026-07,20.51083801853051,26.362940172889957,14.608388168598541
14,2026-08,21.32091351601982,27.573587706060394,15.285072644929247
14,2026-09,18.183706346021996,23.42057376927602,13.194471573423472
14,2026-10,15.341541223086429,19.795038579085254,11.058282923311456
14,2026-11,11.48388749197451,15.368371121218578,7.763090163341539
14,2026-12,8.728193807041679,11.958453724217074,5.626381565399842
14,2027-01,7.2385538635680655,11.435486500476806,3.1880722169648883
14,2027-02,9.483071948915988,13.542813939917998,5.497101669366527
14,2027-03,11.072754097502488,16.46534268405306,5.804166055879442
14,2027-04,13.679830196385936,20.029296128431785,7.4723866571940745
14,2027-05,16.58702158606321,22.436282440752663,10.766556327128667
14,2027-06,19.487640126723605,26.034523557009972,13.095896780153337
15,2026-07,20.202216305262798,26.87921036158874,12.954426927482519
15,2026-08,21.78348982912931,29.687000307561267,13.767575918763542
15,2026-09,15.464051665826105,21.268615047744962,9.346159655566078
15,2026-10,14.154160537069554,19.81315578642053,8.304403061493444
15,2026-11,8.867260847503541,13.833578644857583,3.486420954245478
15,2026-12,5.568605990956548,10.468964421350009,0.5253309511335176
15,2027-01,4.2341157770411195,8.639208476869127,-0.5785810040548784
15,2027-02,6.571341025829526,11.337714666388226,1.5417066023595183
15,2027-03,7.976274922338916,13.520553704413533,2.15394515326865
15,2027-04,11.776262604923804,18.55214428823419,4.9657915947056255
15,2027-05,14.067055728360282,20.505006856423083,7.477532781318763
15,2027-06,17.184981655110704,23.613457366519974,10.84021204378231
16,2026-07,25.110741389278928,32.620804968158005,16.96861756554875
16,2026-08,25.687693640619575,34.448418806845005,17.066556111931845
16,2026-09,19.76857841051801,25.963677090608215,13.197104205890698
16,2026-10,18.323294228172625,24.059232054325246,12.50984785733157
16,2026-11,13.88776643781469,18.981945464785486,8.30204928400275
16,2026-12,9.891828576174658,14.599181976965808,4.952744784981035
16,2027-01,8.882787086590438,13.518383219677736,3.922973004604019
16,2027-02,12.04851042692515,17.292170851782863,6.220323962982058
16,2027-03,13.1743846733427,19.917741488599933,6.436089540244595
16,2027-04,16.637151936854988,24.562228738239252,8.420427242296395
16,2027-05,19.35269247701889,26.86333705310741,11.473353731296598
16,2027-06,22.858210134845322,31.137150410249095,14.374887324778642
17,2026-07,24.269081638963275,30.573759449032746,17.53353301226401
17,2026-08,24.729303540155083,31.883232883337904,17.3765688792675
17,2026-09,19.886242806653723,25.400778369386565,13.927260597706967
17,2026-10,18.45185045291977,23.579396027112573,12.929790759346172
17,2026-11,14.319701449141636,18.844527593707884,9.33096720145199
17,2026-12,10.538143160030447,14.574411598267035,6.155446207768327
17,2027-01,9.261242350515875,13.471069575291917,4.615683748654231
17,2027-02,12.151668855644521,16.6627471417229,7.185576282814572
17,2027-03,13.602461811739769,19.555411678925957,7.438700128138711
17,2027-04,16.645071267770984,23.448833355306604,9.626338018406624
17,2027-05,19.625398450429735,26.155046774289815,12.78791412623221
17,2027-06,22.596657111426886,29.677557828376077,15.458695226848972
18,2026-07,24.99953099893999,32.246074640105,15.91167738086597
18,2026-08,24.579824195835418,32.83014361584931,15.647912519938112
18,2026-09,19.175778613116726,24.98020088639898,12.270376477565176
18,2026-10,17.088749897754894,22.18833550248713,10.701126405321547
18,2026-11,11.88245389061807,16.624491074444286,6.343793485346255
18,2026-12,8.501521205828425,12.857106555202927,3.731751293112167
18,2027-01,7.469868062607293,12.387734237383757,1.844075135682429
18,2027-02,10.306876843770421,16.168512052947964,3.875799184497681
18,2027-03,11.741343109374295,18.9071077704214,4.2108417141963415
18,2027-04,15.47426914070653,24.1456205010563,6.616466839260826
18,2027-05,18.48106106781365,26.40403024992189,10.086785387003289
18,2027-06,22.217713669398265,31.758638391216984,13.5895800162157
19,2026-07,21.539707509316553,28.718832702301114,13.820115557882556
19,2026-08,22.404247405561073,30.750092659910486,14.206457522627016
19,2026-09,16.640337553213172,22.8403774560872,10.327183957359042
19,2026-10,15.342664923600008,21.827818354469063,9.178922181145174
19,2026-11,10.410218252913577,15.846646758225239,4.803012490166143
19,2026-12,6.95859100273861,12.63420263162892,1.3721465390394751
19,2027-01,5.771434225484093,10.847400379971205,0.5915870075870419
19,2027-02,8.418117907856582,13.86844809899875,2.8207013006634307
19,2027-03,9.435474095187928,16.162266722717032,2.8436516271137946
19,2027-04,13.373613131470266,21.35619486426814,5.358998420463291
19,2027-05,15.735794987083423,22.823448980961654,8.430326903539981
19,2027-06,19.253176301102357,26.463209196703094,12.054165786643827
20,2026-07,24.46137098378438,30.301138820566006,18.780148812453543
20,2026-08,24.761706401362062,30.503513770055942,19.040175920116358
20,2026-09,20.840128049219317,26.055906386036025,15.68862175133787
20,2026-10,16.89831694179448,21.385595274803354,12.536546446031512
20,2026-11,12.227112115634256,16.333996908893536,8.199536625419313
20,2026-12,9.76007700482815,13.337707982541431,6.192614577683646
20,2027-01,8.437072548878104,11.561925516264074,5.340608569878411
20,2027-02,10.24934031657648,14.022212202034888,6.385737435795915
20,2027-03,10.926805570094855,15.196143224280268,6.660866635958192
20,2027-04,14.828389795035628,19.923730756688357,9.701190363432666
20,2027-05,17.29507482955809,22.51606072583861,12.044839196322817
20,2027-06,22.525321094048685,28.468640266660795,16.50026172093
21,2026-07,22.88070808243903,30.658474776746232,14.969907979169726
21,2026-08,23.50595480528021,31.626075579188022,15.79960256568552
21,2026-09,17.217674440852047,22.99925386910762,11.845765176131627
21,2026-10,14.996241452379143,20.797023300873846,9.555636475791465
21,2026-11,9.267314022279006,14.200141098390153,4.6214895793822475
21,2026-12,5.76701713978206,10.353624429522132,1.668256505648987
21,2027-01,4.8530169067927975,9.695809477676294,0.25115413795894276
21,2027-02,7.898284974031551,13.40511674799694,2.9351122184041043
21,2027-03,9.53896291775532,16.52976963399156,3.096283651504475
21,2027-04,13.579392027996532,21.951189126849158,5.817752915762932
21,2027-05,16.334062475187544,23.905012101555556,9.092834167206846
21,2027-06,20.33744925005847,27.993913456912484,13.149438102359353
22,2026-07,20.23414212193685,26.134015075887593,14.565333089121808
22,2026-08,21.00280132091519,27.213172089447323,15.007876790949593
22,2026-09,17.410711623178248,22.49322864701301,12.623160038809552
22,2026-10,15.290110327155006,19.994960042246827,10.799690249238934
22,2026-11,12.40470077363385,16.42618101014507,8.616620369073518
22,2026-12,9.398350462701874,12.900571755529311,6.115392917524377
22,2027-01,7.943629551986555,12.031039785628321,4.001277726238919
22,2027-02,10.07388768062496,14.055342219737073,6.212200474221117
22,2027-03,11.350807623366306,16.38984768392297,6.517555872546965
22,2027-04,14.359096265159513,20.20121313711408,8.63261841098677
22,2027-05,16.317008159377497,21.570148819492584,11.123480204233378
22,2027-06,19.53308898607429,25.48168447912475,13.59200093531332
23,2026-07,22.37145422849781,30.26530044188973,13.847212494958189
23,2026-08,22.563859983298105,31.18345690633893,13.999490161490272
23,2026-09,17.001882843265523,23.5916373693338,10.552941519053897
23,2026-10,15.276004861719628,21.90663450506534,9.095997684190706
23,2026-11,11.051146678534524,16.39207975363203,5.416957061401798
23,2026-12,7.114655204661677,12.312679082880926,1.7282308053447342
23,2027-01,6.052014363326565,11.220538672919144,0.7143582035182112
23,2027-02,8.754823465782465,14.056550624625293,2.910498712178695
23,2027-03,9.377779243373372,16.270086713030206,2.6085891483441306
23,2027-04,13.223592698370842,20.57435462645439,5.29885025772781
23,2027-05,15.939262705686287,23.122416426957706,8.284694973046447
23,2027-06,19.100703010782585,25.253441410686918,11.645404889128566
24,2026-07,23.943938099269616,31.379070213109646,16.03466888291792
24,2026-08,24.943543017141536,34.07448260342248,16.20523355616645
24,2026-09,19.200076399628973,25.957214223587222,12.375924590256856
24,2026-10,17.453662304846322,24.255961288995575,11.09733711067557
24,2026-11,12.69121279874274,18.402773628795803,6.833795076423713
24,2026-12,9.055018267641353,14.4453530639193,3.819911369233508
24,2027-01,8.015948921225304,13.101687609592926,2.8397758098489123
24,2027-02,11.309256394732708,17.14933168889656,5.313850638444245
24,2027-03,12.10829332219186,19.320112448592493,5.019789332569709
24,2027-04,16.096789354395572,24.16086429900713,7.694042653334456
24,2027-05,18.681383924835437,26.123754014204984,10.949859792010063
24,2027-06,22.53307341071903,30.228567484087627,14.560625093968506
25,2026-07,18.661660650267407,25.415661062855477,11.868360240099376
25,2026-08,19.725346276481883,27.079502819726475,12.172636206861055
25,2026-09,15.017375671923343,20.737918418693077,8.61503160408605
25,2026-10,12.380160840690104,17.480225287500918,6.243704276440762
25,2026-11,6.139562872668804,11.30689292727735,0.7431109419405987
25,2026-12,3.481146473628265,8.901949388447415,-2.1733929285840388
25,2027-01,2.181624541778972,7.2578197627078636,-3.2366382549283412
25,2027-02,4.487378611672704,9.862037385662578,-0.6634809597346385
25,2027-03,6.889241202878429,13.082052525352529,0.15321306279708677
25,2027-04,10.192827002036521,18.117027502587984,2.5839083770453177
25,2027-05,13.526884148082791,20.619384271700195,6.297923016032821
25,2027-06,17.34751116788825,24.698096454504366,10.747370260304539
26,2026-07,23.598603057949408,31.35432670659069,15.705629504297631
26,2026-08,24.543606665453083,33.32946464026498,15.954952298959126
26,2026-09,17.987322583850922,24.41463612748888,11.522512170739677
26,2026-10,15.487806564581502,21.276727640150565,9.752138288714876
26,2026-11,10.098014765753964,15.690524814993319,4.522771467973014
26,2026-12,6.194266205243357,11.37223059407627,1.1438171039851521
26,2027-01,5.7038054818662935,10.66984844026098,0.7696882081518235
26,2027-02,8.340551879094676,13.808910311046633,2.8886920744548714
26,2027-03,9.54927392180309,15.95159227084262,3.2375441630746393
26,2027-04,14.090480302837367,22.30968953694665,6.397050156633101
26,2027-05,16.598400076213615,24.064131719650668,9.50866634579221
26,2027-06,21.091277310972878,29.62205675096435,13.241084708382475
27,2026-07,21.937319004740324,29.192103013270536,14.663193011651106
27,2026-08,22.261456068533988,30.016536275609077,14.947202453180196
27,2026-09,18.38029804401772,24.793770690420843,12.430203582246907
27,2026-10,15.443513707964364,20.78512345768441,10.529951052794424
27,2026-11,10.82309749570695,15.165667627750983,6.784431856945717
27,2026-12,8.351586625747302,12.060972955191103,4.932515091199203
27,2027-01,6.629503980249028,11.32208800026557,2.2549496169134384
27,2027-02,9.309115191824715,13.761529420471007,5.255773938792633
27,2027-03,11.062285046755493,17.77690484808202,4.732904850259197
27,2027-04,13.840724095411563,21.270971906970516,6.618413758378905
27,2027-05,16.883441189774256,23.815705088828693,10.183775531988054
27,2027-06,20.2352136739882,27.338873455568457,13.10410259796998
28,2026-07,22.517044943998915,30.87605912505277,14.076066020568568
28,2026-08,22.47369945903978,30.835250735607996,14.342238851071347
28,2026-09,18.258247470443877,24.499546789331053,11.72380550749051
28,2026-10,15.648312969433613,21.407119143677185,9.596789365154178
28,2026-11,10.287187224097282,15.202311687332974,5.801742413836274
28,2026-12,8.016235279283018,12.340940377559782,4.060929261618856
28,2027-01,6.2743458627513835,11.70863536832835,1.4395840795929484
28,2027-02,8.65025097631784,14.0939559369019,4.112641031402214
28,2027-03,10.837208001807058,18.226355261423468,3.977014672629977
28,2027-04,13.785779955773693,22.320735889117962,5.852225358252862
28,2027-05,16.49682824319748,24.460539890654296,9.37772388592784
28,2027-06,20.16120163424373,29.26795108657547,12.514056026131845
29,2026-07,19.302769720616254,24.014935369522377,14.742757257975267
29,2026-08,19.91199748002637,24.829429807679936,15.111743292970537
29,2026-09,16.465333985257796,20.15699645747561,12.718055521700748
29,2026-10,14.923886760686546,18.578436880268487,11.189288937324548
29,2026-11,12.606143135385192,15.876814355757947,9.359138809020575
29,2026-12,9.525061077539785,12.268914967696523,6.978976976550034
29,2027-01,8.265841597487368,11.597000245810298,4.959509339439099
29,2027-02,10.223524030291221,13.078644342702429,7.27624344761423
29,2027-03,11.220141766031835,15.271012172265554,7.17053074903852
29,2027-04,14.106411339720161,19.050383742492393,9.315649754196867
29,2027-05,16.009922902724437,20.5354233411898,11.509738790684127
29,2027-06,19.053867020470612,23.956457685616822,14.277343484908608
30,2026-07,25.019065598197354,33.77873116016848,17.361601793500164
30,2026-08,25.70144762501802,35.12585303917894,17.45502209591441
30,2026-09,18.85356134793584,26.304642274754688,12.268963227763663
30,2026-10,16.370893649956756,23.790881245497822,10.271184804066483
30,2026-11,11.326349271412948,17.70501952768992,5.820550400169605
30,2026-12,8.62981010427739,13.765298046904025,4.109095325675982
30,2027-01,7.008916165730133,12.625369442601706,2.5116313339263994
30,2027-02,9.865182675418804,15.933624183934503,4.341161378060577
30,2027-03,11.095535534483645,17.69367996257036,5.3381464169030135
30,2027-04,15.732470981911547,24.047415191110726,8.1346599923336
30,2027-05,17.987894887971244,25.810982628242908,10.858951162163395
30,2027-06,22.917430008894083,31.685794628666656,14.6571559736038
31,2026-07,23.251531928609385,30.41887939726897,16.60812403302757
31,2026-08,24.572216578000557,33.50795504923721,17.264857911981913
31,2026-09,18.371222691888452,25.545577192641005,12.719388593916257
31,2026-10,16.207344307942126,23.99072829885645,10.506831297467166
31,2026-11,11.035079092264805,17.185268815538073,6.504945687529681
31,2026-12,8.803175871915865,14.856146009752747,3.7614962849337825
31,2027-01,6.391020185873561,11.859348435925003,2.2861299781389937
31,2027-02,9.970721622039838,16.479254172103136,4.567405878870946
31,2027-03,10.856776334152949,18.175710811411683,5.479528696747412
31,2027-04,15.197326972204296,23.447385651670025,8.208314927332003
31,2027-05,17.78943636797194,26.302162105933835,11.124105682254648
31,2027-06,22.520819201869656,31.633484291871852,14.92846410317535
32,2026-07,24.376410025718815,30.61375338710339,17.335096349551694
32,2026-08,25.967784722961984,33.958097637361455,17.98632409911109
32,2026-09,20.339194329137634,26.450329448959756,13.622734582043192
32,2026-10,18.06860084734425,24.19261311817371,11.690678260439014
32,2026-11,13.026483474547756,17.52495907982642,7.557107316608389
32,2026-12,9.780451079775961,14.65521483495253,4.885741749155222
32,2027-01,8.382975660059545,12.33855319039607,3.604962181092997
32,2027-02,11.861393073601281,17.065560499689223,6.179632221534999
32,2027-03,12.674972816958455,18.768419461632824,6.2723316972213015
32,2027-04,16.623765805591535,24.081560745644754,9.45834890986211
32,2027-05,19.110189552048997,26.565370190860616,11.92330098587264
32,2027-06,23.39644373718108,32.34761765752564,15.706013850474532
33,2026-07,24.33958423477118,30.583496604129778,17.275077066294717
33,2026-08,25.252080989126213,33.25574328441972,17.185113094181048
33,2026-09,20.351068051542793,26.30583262508715,13.865898667047325
33,2026-10,18.47739582678941,24.155748195594565,12.526929062810083
33,2026-11,13.97768328089428,18.459610975469534,8.683293971025313
33,2026-12,10.432938023778073,14.735142357065316,5.684890115860236
33,2027-01,9.160658903703107,13.033348374240513,4.537618182696131
33,2027-02,12.509890975095608,17.248425282036255,6.875699317749092
33,2027-03,13.41381212938774,19.914237444115546,6.839396241950983
33,2027-04,17.271291836838742,24.758157190594797,9.689726885525872
33,2027-05,19.73495500555002,26.80803257972269,12.498603887632937
33,2027-06,23.449393200749043,32.2008707548914,15.642788827612332
34,2026-07,25.03898566651208,32.35199591806189,17.901342454125505
34,2026-08,25.42384154972882,33.298413302298584,17.921084206747455
34,2026-09,19.186615920432043,25.538825527424706,13.182096223685692
34,2026-10,16.916533723643624,23.092685347083254,11.281592152591895
34,2026-11,12.010989552195607,17.064564132630302,7.241229762100522
34,2026-12,9.357677595983818,13.736844798579671,5.406364849492363
34,2027-01,7.760482625849899,12.195864007932785,3.781630980257763
34,2027-02,10.154613793855939,15.191779255359489,5.428667166089388
34,2027-03,11.207795074897636,16.58330756331907,6.240234183545485
34,2027-04,15.36839463874455,22.366959811862866,8.693038139843472
34,2027-05,17.900690359959587,24.60057573143119,11.475189562547184
34,2027-06,22.879403331399196,30.401694232651092,15.47388489718418
35,2026-07,22.361219098272976,29.503411076390105,15.370785110300485
35,2026-08,23.007746668141916,30.292928648197364,15.827472300367926
35,2026-09,19.46204005241185,25.75692242278954,13.38462670380766
35,2026-10,17.143155578765196,22.974514304500637,11.49620034855385
35,2026-11,12.83643127182354,17.335490116134242,8.463386958897928
35,2026-12,9.986580706880611,13.889804520270513,6.119632975133004
35,2027-01,8.41659553174451,12.979738941219706,3.8657999837207444
35,2027-02,10.5012057820994,14.817485860423833,6.301746099270213
35,2027-03,12.415667238364966,18.41120521554,6.4233819139538895
35,2027-04,15.659134990262183,22.46840145735824,8.729276544745922
35,2027-05,17.79842226192427,23.97696640019264,11.553509682434921
35,2027-06,20.76622999611126,27.27681857839859,13.93618814904108
36,2026-07,25.86752449303345,33.20225822012296,16.641918251667835
36,2026-08,25.467904429694393,33.92853952436609,16.05602311322281
36,2026-09,19.666942902819542,25.931088194812894,12.542803321752384
36,2026-10,17.71634485239155,23.345230465185928,11.175526462079807
36,2026-11,13.201648093276285,17.809531099263257,7.380470535214447
36,2026-12,9.465811451789929,13.61145544590436,4.342122163337095
36,2027-01,8.607664426681586,13.28054601722123,2.686025394896249
36,2027-02,11.508671018928178,16.939718310167226,4.722159674222442
36,2027-03,12.595398080265067,19.67719841357531,4.541619380047536
36,2027-04,16.365377645495602,24.332386197174838,7.226634089816843
36,2027-05,19.442816954276886,26.79741732130613,10.613017993584602
36,2027-06,23.15622119409328,31.077820346172487,14.085799237923508
37,2026-07,24.831687148925074,32.79993167692742,16.128140206638047
37,2026-08,24.652721010042,33.04493816089219,15.781255558691804
37,2026-09,20.15626768539552,26.02712099669495,12.95685689995933
37,2026-10,17.83837241484742,23.218063184966393,11.184768200705719
37,2026-11,12.672353119184317,17.571017819380348,7.3499779611573
37,2026-12,9.808012022324837,13.952656660010193,5.1729629814825095
37,2027-01,8.359292178529333,13.492587421465096,2.8638989827656984
37,2027-02,10.547588814794917,16.054211269586435,5.077227225420065
37,2027-03,12.90003904098133,20.087203608223447,5.3740224719452
37,2027-04,16.09951579669005,24.730405253341054,7.629415651495875
37,2027-05,18.766437102161564,26.679861615476526,11.023132793173954
37,2027-06,22.452633134988073,31.75140916172449,14.305954637205815
38,2026-07,19.647779538286343,26.30656675648478,13.101813785812121
38,2026-08,20.907864916838825,28.33892021115103,13.93442016901877
38,2026-09,14.885273570779232,20.475950069028453,9.568369028612496
38,2026-10,12.315454163587995,17.4058519833253,7.534043477947885
38,2026-11,7.065545876423505,12.135097314585263,2.3680400862978352
38,2026-12,3.787718619438921,8.533978543576634,-0.5613540432839452
38,2027-01,2.549951206908498,7.177635019842153,-1.6116125013820988
38,2027-02,5.163530834037947,10.212981716592315,0.5195821973676411
38,2027-03,6.578149443474018,12.289682330767956,1.2561883022581208
38,2027-04,11.247214592214027,18.300147452374155,4.728303010882793
38,2027-05,13.98424843043338,20.498024794493396,7.917653437304879
38,2027-06,17.801798685401074,25.04799346971019,11.229036897456101
39,2026-07,20.73522316401397,27.620221394244243,13.38453295585067
39,2026-08,21.602092327849203,29.518421553970093,13.579422345325213
39,2026-09,16.245974347709627,22.50743605720773,9.913525124248524
39,2026-10,13.501765363475931,19.227794066842844,7.5855186418199185
39,2026-11,7.798550349198314,12.989014601333144,2.7739108681466114
39,2026-12,4.282770279398542,9.84488244511476,-0.8206019446930012
39,2027-01,3.6773494125955573,8.847863493265953,-1.3295680966073005
39,2027-02,6.5031463106897816,11.903358888404062,1.3396753340527472
39,2027-03,8.160276157019668,14.982266759304334,1.493804848274438
39,2027-04,11.943122917195627,20.049951613520754,4.099091562399899
39,2027-05,15.124862863834194,22.531150413926394,7.939203091521647
39,2027-06,18.667948392570576,26.47369054858023,11.638161459326767
40,2026-07,24.017472290781914,30.5873615215102,16.80261893293389
40,2026-08,25.05528031847541,33.25300302080298,16.818993265987217
40,2026-09,20.478584114689728,26.96633809884359,13.016020426349968
40,2026-10,18.19874914549945,24.89537444312259,11.164424206862519
40,2026-11,13.58189988689234,18.90243152454719,7.2778719275813435
40,2026-12,10.38336688281993,15.351517220313744,4.896795758801294
40,2027-01,9.253767288142363,13.68541409664025,3.807500306889719
40,2027-02,12.651523855361372,18.17471947659834,6.355393693832976
40,2027-03,12.92044151408222,19.856596559700034,5.507736288066984
40,2027-04,16.987795543279738,24.973898225421923,9.07196280889529
40,2027-05,19.434413749698,26.94093970889761,11.688404002467575
40,2027-06,23.408622132732102,32.965115619708456,15.142549228653065
41,2026-07,24.15740535424605,32.10021407814832,15.334513525687067
41,2026-08,23.799248772310516,32.15071375653214,14.842925770117736
41,2026-09,19.47934898448806,25.29351935366853,12.01230974803927
41,2026-10,17.170983985157836,22.52736318747098,10.214498046510133
41,2026-11,11.64624008968,16.632249563294007,6.145827500955369
41,2026-12,9.098098597638833,13.278507427827899,4.248625324113044
41,2027-01,7.695813061549244,12.845928256551923,2.156469489953279
41,2027-02,10.116840323555953,15.92882827817146,4.27241552071101
41,2027-03,12.235980145444278,19.487453024770193,4.430023771837571
41,2027-04,15.405346366722531,24.18826302574669,6.603966882852688
41,2027-05,18.27225088517631,26.344106951505115,10.275813998539586
41,2027-06,21.863364366189035,31.607687774856597,13.455270524483081
42,2026-07,22.03654052109263,29.069434369493255,15.027346257653779
42,2026-08,23.163887075150633,30.866827706918155,15.479675827884778
42,2026-09,16.912765318785517,22.588906887276718,11.203529350850912
42,2026-10,14.675273172659924,19.870854488715533,9.2685736444093
42,2026-11,9.463443227363841,14.386639197443323,4.5022209467369585
42,2026-12,5.909643891720924,10.602529647903014,1.130110027803872
42,2027-01,4.808049431726145,9.399436517430948,0.281369570561311
42,2027-02,7.254660655295449,12.516705498741313,2.0282181755809967
42,2027-03,8.580745483275736,14.233326143979177,3.0782189409747107
42,2027-04,12.636750104373835,19.765155926685278,5.779009457645053
42,2027-05,15.874300911968108,22.620723938792995,9.255635202219851
42,2027-06,19.612005338363307,26.788844756929414,12.94899137127537
43,2026-07,20.46653733249375,28.09229828222921,12.847432962232634
43,2026-08,21.301182288969525,29.67479820777351,13.294362433642492
43,2026-09,15.435923327761206,21.655801767226826,9.117651805878435
43,2026-10,13.326703501914968,19.17974394705389,7.4117447882036895
43,2026-11,8.10763455016816,13.445470941118854,2.8689488042412874
43,2026-12,4.62924599440383,9.592985664372527,-0.24497396688524747
43,2027-01,3.554614912699663,8.386220255057928,-1.120298826847948
43,2027-02,5.900586885825472,11.548599165925062,0.42464068574985736
43,2027-03,6.941982679688944,12.651348791451854,1.3268149667713816
43,2027-04,10.857070949833084,18.093037700905008,4.064660112642612
43,2027-05,13.98808521916025,21.19115245424912,7.031624342848734
43,2027-06,17.50132160238007,24.932367504684287,10.489582401083501
44,2026-07,23.51321616047576,31.058922034446507,16.067376258124657
44,2026-08,23.992497926126983,31.698238534448695,16.25264704448687
44,2026-09,19.575605431456054,25.794797758588402,13.148346466014571
44,2026-10,17.66428511589915,23.580921651472366,11.464298217954346
44,2026-11,13.368446847184476,18.148967233642406,8.437791848431043
44,2026-12,10.344412991930257,14.430015600438544,6.060536217952585
44,2027-01,8.883677154016627,13.66370315171403,3.970023786886139
44,2027-02,10.988377872636564,15.534160481423061,6.4400267766272465
44,2027-03,12.993506899478673,19.273407868562806,6.640947496682085
44,2027-04,16.05381079678658,23.159962668282052,8.893255960630238
44,2027-05,18.584460868498045,25.390772882324786,11.707730622881495
44,2027-06,21.551855670938195,28.44633276973259,14.50019173542189
45,2026-07,23.960090701318858,31.700019179530752,15.336245179238226
45,2026-08,23.326165245352264,31.314881613255057,15.04223881478984
45,2026-09,18.763923172922368,24.50552184572227,12.380765848051839
45,2026-10,16.17854970417075,21.352549934850447,10.61762104406937
45,2026-11,10.32855086228976,15.345121047286177,5.790696782444741
45,2026-12,7.854040748661389,12.049096641674579,4.116108413081779
45,2027-01,6.484489645285918,11.813530671771709,1.8224351268590497
45,2027-02,9.022372351602176,14.985627428508849,3.6668923622171614
45,2027-03,11.019042522699378,18.471717710875733,4.148293317694018
45,2027-04,14.358180292915746,23.192257889589772,6.263296320504258
45,2027-05,17.200606721394966,25.34883198797477,9.76957906730947
45,2027-06,21.21152698109254,30.631303048810775,13.464948068626533
46,2026-07,23.581173747678662,30.49952433814774,15.8667062622145
46,2026-08,25.341505293578916,33.961092359798364,16.53664194300154
46,2026-09,18.90608328896857,24.960681522046553,12.075283875231761
46,2026-10,16.876816868925307,23.194262855946523,10.487410893527011
46,2026-11,12.052747661383792,16.852796731676943,6.492940136620101
46,2026-12,9.219356816137555,14.216283660517757,3.519951165699625
46,2027-01,7.435244862972437,12.218548844345204,2.1117000991875488
46,2027-02,10.910263957438586,16.11833419908972,4.797475084829075
46,2027-03,11.587309333269971,18.176841256783774,4.711062497725294
46,2027-04,16.150919009916205,23.869441640150725,7.760490637251039
46,2027-05,18.810845305178553,25.94188847661964,10.78865076095893
46,2027-06,22.970504882151324,31.017917574702697,14.17760244696036
47,2026-07,24.423666537530718,30.81537908549073,16.982632716574546
47,2026-08,25.84222046004603,34.463737909202116,17.280955738515726
47,2026-09,20.324509780913672,26.34524045888544,13.278047083038457
47,2026-10,18.116825745348397,24.05734436306719,11.620705171226488
47,2026-11,13.297767376380284,17.64911808850278,7.663232980078602
47,2026-12,9.876021869537116,14.459742538616382,4.933605541470675
47,2027-01,8.520109316666696,12.428811632349518,3.6544566176363498
47,2027-02,12.228739305010382,17.271302903708524,6.450277467462046
47,2027-03,12.795819104646307,19.36832388477971,5.815744859900765
47,2027-04,17.03381764256166,24.677399850948365,9.163972686945483
47,2027-05,19.640984869413636,27.005096462773203,11.975375405872812
47,2027-06,23.781903666133047,32.64961498862313,15.617438357378447
48,2026-07,21.368283366151452,28.77453241736944,13.532427748505052
48,2026-08,22.267396420286687,30.80217263129578,13.94968906499446
48,2026-09,15.594263558400042,21.813753997723897,9.433636375589778
48,2026-10,13.806689559933396,20.08260851887525,7.811737013479031
48,2026-11,8.501485208062727,13.384498672057017,3.484402794910739
48,2026-12,5.9665478018472795,10.517549690115676,1.279880316127523
48,2027-01,4.132692404353349,8.580075934572916,-0.4394249400952801
48,2027-02,6.689579980331586,11.858855386190212,1.4891510109295096
48,2027-03,7.503405931395106,12.989037657621603,2.109635921181334
48,2027-04,12.101513089185618,19.033718561884672,5.10224134343993
48,2027-05,13.875455491035032,20.378510344550524,7.35695325439225
48,2027-06,18.02461996051057,24.979560378834403,10.958449537975538
49,2026-07,24.93557708715852,33.13866902154938,16.564144254051417
49,2026-08,25.21861512981663,33.395763749756874,16.782548851445835
49,2026-09,20.81447427508568,27.027166061225245,13.778215964273793
49,2026-10,18.623203564905555,24.25105488185375,12.10271252242302
49,2026-11,13.547310199899096,18.310377749992075,8.415467797559508
49,2026-12,10.638198468276046,14.738704939900034,6.08526528418663
49,2027-01,9.188358307598168,14.033443052930094,4.003907080409225
49,2027-02,11.085526766334727,15.996824416281733,6.196359212110051
49,2027-03,13.549862928629633,20.133415481146898,6.664186200813397
49,2027-04,16.696137758295393,24.386855332697728,8.978080439766138
49,2027-05,19.478590183968073,26.86486397520568,12.142953761202756
49,2027-06,22.923822990038094,30.95479191078561,15.357751432053721
50,2026-07,20.224949024821917,25.427804467096042,14.982495525459427
50,2026-08,20.613757336369464,26.292744464611182,15.150459961994796
50,2026-09,17.7195176444979,22.543590963801137,13.193546974530411
50,2026-10,15.376525501270969,19.716237057431236,11.2379525552242
50,2026-11,11.810489655361232,15.62975813768431,8.223997338298927
50,2026-12,9.018904293907193,12.048173639525949,6.107925664261291
50,2027-01,7.404719895904906,11.396790460168615,3.5632366970186222
50,2027-02,9.607565126922596,13.203217373338525,6.161700303777686
50,2027-03,10.975665754219653,15.938012561521115,6.106507053400717
50,2027-04,13.60198005823704,19.26623728483056,7.91707943806324
50,2027-05,16.39082932284846,21.607894828358795,11.19047478476542
50,2027-06,19.14489173362535,24.657321902613262,13.527423733605856
51,2026-07,21.688375155221042,29.341762700699817,13.740288634103129
51,2026-08,22.05045346528279,30.192497975756776,13.843375305717377
51,2026-09,17.647849717100073,23.41546032630629,11.835144529276581
51,2026-10,14.441101701249464,19.712165564037328,9.051320829862641
51,2026-11,8.45543881938438,12.803372156788566,4.586078031288526
51,2026-12,5.788991631576805,9.840246936806254,2.2469924739101748
51,2027-01,4.491149192929755,8.885630750873727,0.490681713505325
51,2027-02,6.64188559844065,11.529190331169913,2.649224383628924
51,2027-03,9.256680939614736,16.275131378169302,3.0595397582380053
51,2027-04,12.449920202597829,20.341047368947027,5.185872827518377
51,2027-05,15.307200509340928,22.60261297342202,8.812865740419225
51,2027-06,19.3263838531949,26.999870701024346,12.57047816161063
52,2026-07,21.10049369738383,28.957316151191577,13.11938379958245
52,2026-08,21.68639715919783,30.218420940457886,13.575538492748162
52,2026-09,16.312545682690143,22.50018952463983,10.864228812516986
52,2026-10,13.708170009186249,19.82012261378521,8.341790119407461
52,2026-11,7.734278697486897,12.966989745989885,3.2095579037901283
52,2026-12,4.6629700711297986,9.507005471512477,0.6943160713223168
52,2027-01,3.8159356559358137,8.801376045906949,-0.4730428529708156
52,2027-02,6.250925301406648,11.512479281275187,1.698962627366681
52,2027-03,8.204865343952378,15.73344582526533,1.6490115016013045
52,2027-04,11.944076965723648,20.37634632594187,4.149275206930203
52,2027-05,14.860691383130055,22.92009421715818,7.642944978221488
52,2027-06,19.230842542320772,26.689450257958665,12.4243768540015
53,2026-07,22.583377011084238,30.298434991113208,15.0922297174019
53,2026-08,22.911359056648184,30.47566381478025,15.383896497066779
53,2026-09,19.101571491465045,24.929420390197844,12.867030107778874
53,2026-10,16.687129637357963,21.890530744868133,11.068358739558407
53,2026-11,11.719040359623211,15.817329155633406,7.370512160886233
53,2026-12,9.156726954705789,12.644512293553094,5.361943157549322
53,2027-01,7.434757217149257,11.781294689790219,2.8957730021220733
53,2027-02,9.439927257543964,13.472415948721506,5.409468201559101
53,2027-03,11.780661739871459,17.82973953863834,5.525241952464285
53,2027-04,15.126825121700456,21.97365669394076,8.139456759039968
53,2027-05,17.4840527771054,23.860265147186283,11.10677775004608
53,2027-06,20.760013471146372,27.533881195269963,14.013088009117816
54,2026-07,20.659779194068847,27.499803486936354,13.514096214404733
54,2026-08,21.54410961654108,28.76444601774385,14.063129033866744
54,2026-09,16.983194723093085,21.65797582954565,11.65678028308755
54,2026-10,13.627221511291959,18.126928260860492,8.394155079759672
54,2026-11,7.362818154759371,10.948952743954324,3.659809315808283
54,2026-12,4.607490619230151,8.087079362539733,1.0072800310418566
54,2027-01,3.550012985059125,7.026131038961924,-0.1666555510295597
54,2027-02,5.577453411193978,9.259008098567078,2.0150652698188565
54,2027-03,8.540019188566236,14.391220288763945,2.5799165165551226
54,2027-04,11.788068319022173,18.870911495191226,4.583684995350114
54,2027-05,14.797406219841458,21.528146479010108,8.123000152016756
54,2027-06,18.864618443988935,25.33791401028424,12.641774558395737
55,2026-07,20.606691399967048,27.73686878075057,13.557757769117666
55,2026-08,21.3841568322456,28.85562150567178,14.030388734216176
55,2026-09,16.905934416062202,21.90254501132718,11.766449214290578
55,2026-10,13.675893673527236,18.2425977307759,8.921918452967082
55,2026-11,7.536771416997908,11.089204139487041,4.175475515941277
55,2026-12,4.811040776567539,8.300574670311619,1.4200416766410195
55,2027-01,3.7470246306818003,7.327656378088181,0.24215246078861163
55,2027-02,5.598591903422168,9.151561094073537,2.3759316304130427
55,2027-03,8.551176653949197,14.499626937233309,2.8249841094733488
55,2027-04,11.821056294069116,18.79889498156192,4.911987429352181
55,2027-05,14.54527917119307,21.2972438820185,8.039212707058418
55,2027-06,18.745342549430603,25.303805142432797,12.461321770345
56,2026-07,21.42911615507869,27.517119580766156,15.464018222284782
56,2026-08,21.845741219046992,28.142508840092265,15.633297949755715
56,2026-09,17.912202941736126,23.20303874917215,12.854777217028344
56,2026-10,16.05425471352925,21.160151694681794,11.134186813528096
56,2026-11,12.809084567844037,16.81260937642174,8.879950493512377
56,2026-12,10.03981091515326,13.421012164738313,6.647751513399631
56,2027-01,8.385656924990585,12.327075980963775,4.451601240772154
56,2027-02,10.512216896861073,14.056553958867154,6.9726631196471835
56,2027-03,11.949824488400463,17.09514417922953,6.820796409936701
56,2027-04,15.337726737148524,21.052094819175014,9.460616859307846
56,2027-05,17.31834061853956,22.71184215103759,11.79887175240478
56,2027-06,20.233547480079146,25.761796690824635,14.450194019406851
57,2026-07,20.68472730193034,27.474362998097867,13.61886861364377
57,2026-08,21.363874936455122,28.357249941171734,13.845620107627006
57,2026-09,16.729705734962895,21.15469367367235,11.443542744608875
57,2026-10,13.119418565164686,17.07562552260001,7.984936859122251
57,2026-11,7.083035710166393,10.163804475393668,3.2977167025508707
57,2026-12,4.3140969699262675,7.226490535879825,0.7727209437010896
57,2027-01,3.352916869292689,6.223414099313987,-0.4590296129742036
57,2027-02,5.249148442213915,8.431835496063796,1.5413120103932194
57,2027-03,8.26823081861442,14.012694340682181,1.8421653659959163
57,2027-04,11.5880639254115,18.25708188862442,4.3204718761199965
57,2027-05,14.660736992995107,21.127680418843326,7.670128495652775
57,2027-06,19.108787264292367,24.822420154183476,12.968771127590605
58,2026-07,23.350124164088736,30.679947206834413,15.070769948445355
58,2026-08,23.314193753919522,31.41132779432512,15.423661286635529
58,2026-09,17.57596504140359,23.768352596350898,11.789124255330893
58,2026-10,15.593555114454322,21.527480914646315,10.099185050184653
58,2026-11,10.231264063574832,15.306380404705559,5.305887200911533
58,2026-12,6.819791783558682,11.475490034227889,2.5225109096603973
58,2027-01,5.795647016716331,10.847985357709277,1.0556365287864935
58,2027-02,8.596537299987256,14.042871644908507,3.2160256148701762
58,2027-03,10.152308124991494,17.308089024708078,3.784010629894173
58,2027-04,14.222344554210643,22.58863631324344,6.246452198806938
58,2027-05,16.83697098814537,24.678535433939533,9.25979071341915
58,2027-06,20.68384088385273,28.398392071656474,13.215684837469643
59,2026-07,20.644163741253443,26.645423072813184,14.649938583876198
59,2026-08,20.99622694341068,26.973841374547323,15.058790001504264
59,2026-09,17.778157635526362,22.357934977848664,12.86243061939339
59,2026-10,14.202526627945693,17.71710556773049,10.383409349500102
59,2026-11,9.174713597837439,12.047575404863881,6.2934462674973375
59,2026-12,6.9255211010284965,9.716928346373995,4.032524618054199
59,2027-01,4.708002010094905,7.853027072977312,1.793709993573374
59,2027-02,7.075698883948009,10.288663387642655,4.057907757694535
59,2027-03,9.46647203145179,14.80568093880709,4.429182927825275
59,2027-04,12.265552522325587,18.292726369648342,6.472699112511599
59,2027-05,15.401198669458527,20.963161648432312,10.055461778265684
59,2027-06,18.323299488121037,23.935512635748577,13.044164126054302
60,2026-07,21.453805424425436,28.58164267228486,14.367489511476617
60,2026-08,21.706508637884678,29.18385232521303,14.429881319452896
60,2026-09,17.584451181213392,22.943612565817297,12.125209078339566
60,2026-10,14.475463813084513,18.996513350866948,9.899010265541415
60,2026-11,9.451426862889162,13.064021987116405,5.9119252637864115
60,2026-12,7.364182041284028,10.510910324467062,4.247036790286127
60,2027-01,5.3818064080338015,9.198472289683734,1.8556236776124733
60,2027-02,8.033044012092157,11.732539195811375,4.668930402741159
60,2027-03,10.147155075767504,16.02139282376009,4.615513538311002
60,2027-04,12.925747204451381,19.860553597450963,6.219822113676116
60,2027-05,15.982251743959782,22.43042975282912,9.928506971989785
60,2027-06,19.519875884452908,26.496646438995636,12.898719415110065
61,2026-07,21.389912120527345,28.269150814191896,14.24451928862589
61,2026-08,20.66718879768182,30.396596891309976,14.780264079762407
61,2026-09,16.41013759767055,25.11245725759444,12.409997071973486
61,2026-10,13.923251543573963,21.684571425007306,10.319549263819228
61,2026-11,10.175879924312468,16.037610687750284,6.565532373700204
61,2026-12,8.895564085186834,11.704964025183108,4.162359248241123
61,2027-01,7.897945722350191,10.578183201034673,1.4108040745088715
61,2027-02,9.17094200064037,13.979765636550006,4.677132880826986
61,2027-03,12.23189115488,16.696253475166223,4.114146747443636
61,2027-04,14.684054243523384,21.279762170091836,6.290468422420237
61,2027-05,16.62122430742764,23.447153564241,10.158791660914789
61,2027-06,17.622241208290074,30.26419188559715,13.356589786576823
62,2026-07,19.673390064196436,24.832009492946604,14.655147801794245
62,2026-08,20.027356580649403,25.341794541050167,14.974054267675902
62,2026-09,16.68445845832687,21.28691930391606,12.442135728425852
62,2026-10,13.789021233317595,17.226349350361577,10.671647609784957
62,2026-11,9.356712748538135,12.287907286384023,6.7430001123607415
62,2026-12,6.8928472623341905,9.559417665954324,4.439445225035069
62,2027-01,4.820308965630606,7.9439724179359805,2.2111818204879774
62,2027-02,6.869703223916189,9.812681984475542,4.378286734598582
62,2027-03,9.09419042402042,13.812082348721649,4.771309593737677
62,2027-04,11.59763585851233,17.059885855984568,6.411769518940822
62,2027-05,14.83770621744065,20.037068982323454,9.99457041769906
62,2027-06,17.626888107105067,22.185237808175746,13.276733343719744
63,2026-07,20.454252173536005,27.407771844938917,13.439514055888031
63,2026-08,21.407409346141208,28.770854119921918,14.309400189949361
63,2026-09,15.680981015687896,21.27495889160278,10.220725413335822
63,2026-10,13.755352508738548,19.143538283649946,8.556516941159126
63,2026-11,9.008853261220445,13.977062887269154,4.244270703195985
63,2026-12,5.62239463293616,10.439050152082938,1.0253441392122922
63,2027-01,4.15285172955805,8.911694176525815,-0.27194377958524274
63,2027-02,6.501052339756386,11.717400295143658,1.4804297283773873
63,2027-03,7.788226367876647,13.512043405086873,2.4622359905920006
63,2027-04,11.842651364065256,18.844140659450062,5.324665541173149
63,2027-05,14.585498515021579,21.337765904129213,8.210482325457729
63,2027-06,17.917551079415436,24.72797642356138,11.64546235771216
64,2026-07,22.590217422662114,28.158970050526523,16.491596244446608
64,2026-08,24.186214539249043,31.49481232523198,17.325553839201255
64,2026-09,19.69337143563986,25.793114453410574,13.176401406369475
64,2026-10,17.69132065866037,23.898230451066464,11.103715817694672
64,2026-11,13.444809171725122,18.973615652526036,7.532407593083711
64,2026-12,10.019316938879692,15.400681031210993,4.598853551409585
64,2027-01,8.803083979768562,13.282867924699987,3.7719610415141234
64,2027-02,11.54879407670205,17.444152293709084,5.78642372696046
64,2027-03,11.72105427326807,17.932887983813938,5.609764997874789
64,2027-04,15.455724682268848,22.76563831957117,8.943446533130325
64,2027-05,17.66579958609786,24.740675045343753,11.15438421246686
64,2027-06,21.613090118998954,29.982973284888914,14.825275940123968
65,2026-07,19.899204923630666,25.342620713079597,14.008491749163925
65,2026-08,21.825639114291796,28.29488640669944,15.295137089019143
65,2026-09,16.162077756644262,21.29276063191285,10.531707773707291
65,2026-10,14.579041479133785,19.858031734868128,8.823540235808501
65,2026-11,9.57393258324724,13.905798038398743,4.4930219184894025
65,2026-12,6.532870937484176,11.033125971083276,1.586241267641219
65,2027-01,4.789348805910865,8.554052233398323,0.32823542621688095
65,2027-02,7.628344582803095,12.93668980710538,2.0451997039543635
65,2027-03,8.108434688299294,13.282241804172072,2.586941619909408
65,2027-04,12.070789744289184,18.619297985306012,5.627945164274866
65,2027-05,14.451119423772196,20.469868123533978,8.291815986325865
65,2027-06,18.833642541046,26.074233077160144,12.359571829260746
66,2026-07,23.822821955608127,30.12679186325923,17.72783488802309
66,2026-08,24.44647323728581,30.915618203504035,18.234839501181803
66,2026-09,18.858723586370566,24.41167422943576,13.606680396092802
66,2026-10,17.050538101503598,22.348125197553916,12.057586006293395
66,2026-11,12.0913672773686,16.80989212602484,7.757561314749983
66,2026-12,8.13064962495879,12.147964846171343,4.439963734482229
66,2027-01,7.207175903012962,11.571240802490388,3.263218489185759
66,2027-02,10.032707276875662,14.906260108529917,5.329011621579102
66,2027-03,10.677887825371888,15.161042176909199,6.453392556152533
66,2027-04,14.39790803835463,19.95458103482789,8.978649204723743
66,2027-05,16.845020739742523,22.476284623947144,11.425677876207573
66,2027-06,21.88635254071563,27.952999707804494,15.866684379265486
67,2026-07,21.062454783962934,27.617055047163515,14.257937973655629
67,2026-08,21.607132821275144,28.081417150450424,14.586747316207148
67,2026-09,16.58063662957954,20.888639964463415,11.428132640243415
67,2026-10,12.909641589606464,16.85866692891688,8.039186318797599
67,2026-11,6.683405556342517,9.52977169322266,2.903931905630027
67,2026-12,3.987977306008752,6.537618338873355,0.5300759467543968
67,2027-01,3.083026866138935,5.997577090119719,-0.889562451567904
67,2027-02,5.0185459710082645,7.985959052793454,1.1838737671639792
67,2027-03,8.279032578002855,13.35777485091036,2.2237284657426906
67,2027-04,11.93828307052602,17.89416920662984,5.1393984323992
67,2027-05,15.11322624434365,20.648562903350733,8.686659331210338
67,2027-06,19.47776136496472,24.434187360318596,13.726474452356383
68,2026-07,20.5057057793026,26.695562802771548,14.016712666567008
68,2026-08,21.367816496909082,27.324173550562158,14.727535602280195
68,2026-09,16.377047428722708,20.50974405046942,11.03773446232442
68,2026-10,13.425605275726733,17.117099845490955,8.375500378729841
68,2026-11,7.136820195677979,10.573821612014257,2.7897820432613325
68,2026-12,4.628488602698786,7.692325837492925,0.5043757045431055
68,2027-01,3.518716945363932,6.681557813389839,-0.8388090940456617
68,2027-02,5.433419875731262,8.963069285734157,1.2716817994674317
68,2027-03,8.548292865592925,13.393149928325036,2.6941624658833785
68,2027-04,12.231165749674275,18.404149282495133,5.533136544146063
68,2027-05,15.388806048864083,21.130819057463274,8.919934478443144
68,2027-06,19.679708925191356,25.330874859656472,13.803069489081702
69,2026-07,23.997896696824885,31.195918865881836,16.66325355873225
69,2026-08,24.989675675764254,32.63134351831828,17.211835423624535
69,2026-09,18.700043741087086,24.27552487559113,12.682436825246278
69,2026-10,15.770599493468037,20.651874709962794,10.221333710312308
69,2026-11,10.662864629665998,15.280797923877843,5.797340736103755
69,2026-12,6.357842045147347,10.632205979065766,1.9963939430158186
69,2027-01,5.906995297822643,10.34023535328111,1.4101545669297388
69,2027-02,8.643412340421609,13.880040983517468,3.483180417568394
69,2027-03,10.363310829314056,16.356702576832735,4.403689631759149
69,2027-04,14.404851989026165,21.997534951270467,7.315097055015459
69,2027-05,17.732008116553935,24.784289669553853,10.936458814713518
69,2027-06,21.35104025519894,29.06530865075444,14.5895588723681
70,2026-07,20.949730547561792,27.243609341172576,14.281418299251811
70,2026-08,21.883754629477114,28.689594260841783,14.836824736462377
70,2026-09,16.61525423353887,21.634862713126342,11.256312736567773
70,2026-10,13.820111724073666,18.691349312054857,8.501296520249475
70,2026-11,7.6277137350996975,11.848477430947142,3.226089398644215
70,2026-12,4.553005318887454,8.564184623205067,0.5208825871549303
70,2027-01,3.6891170965979274,7.630939986181942,-0.5882453966990702
70,2027-02,6.355049197714636,10.608880976909242,2.038504097691804
70,2027-03,8.734920466907049,14.761834201491762,2.492238197288869
70,2027-04,12.763141912235145,19.972115063621402,5.452286468971892
70,2027-05,15.53341838119301,22.148266685222087,8.829573450787905
70,2027-06,19.699999634429712,26.197557201006283,13.489903538407734
71,2026-07,23.54286648587051,31.54081339881528,14.855531963964705
71,2026-08,24.45132199789328,33.036326850614245,15.514918197874456
71,2026-09,18.147592755636698,24.183600380082634,11.344550275714962
71,2026-10,15.688004586404196,21.364434806072083,9.187821157401807
71,2026-11,10.376593997388731,15.139472368174571,5.012238460716233
71,2026-12,6.2539416471068865,10.629626962724831,1.420256841928587
71,2027-01,5.642642314666352,10.186534970317817,0.5771690417431603
71,2027-02,8.841969346361576,14.36810306716435,2.9156297447766626
71,2027-03,10.307113499529041,17.13203002325718,3.1453108976524256
71,2027-04,14.10882020789902,22.509491943470668,5.619726012971091
71,2027-05,17.463701243942882,25.069092132995078,9.33775340543799
71,2027-06,21.1071230865709,28.833539970665804,13.327540832554396
72,2026-07,23.72258833523578,31.718626464879176,15.622187287957816
72,2026-08,23.550110080472255,31.34938978058423,15.653814995382966
72,2026-09,19.36292653870365,24.89139091730679,12.958635261963293
72,2026-10,16.82188170579218,21.81390345356587,10.972711614492102
72,2026-11,12.003147687319156,16.339344576016966,7.363561146882648
72,2026-12,9.382864509764932,13.037202807622492,5.358949623753866
72,2027-01,7.664563836593307,12.253146188910796,2.8663587816437675
72,2027-02,10.194165023947036,14.617726413281968,5.734673791509974
72,2027-03,12.356189360163748,18.68478693342093,5.686698584743757
72,2027-04,15.565534346554648,23.160340912651215,7.898185842954077
72,2027-05,18.344150147826213,25.29852377642182,11.428389459920234
72,2027-06,21.918768558258076,29.931311222520634,14.434883091214491
73,2026-07,18.22350337930812,25.08595013925151,11.517017785210074
73,2026-08,19.44773270019224,26.81833295484664,12.275537025944335
73,2026-09,13.78386690850401,19.837217579475062,8.124066247427796
73,2026-10,11.12075798403244,16.39777462770458,5.791128006904173
73,2026-11,5.171389823797149,10.75582989114549,0.04884440791818329
73,2026-12,3.132850248113913,8.28556344128509,-1.6910172094692792
73,2027-01,1.4444597640695653,6.562131703771113,-3.390867349133906
73,2027-02,3.4836401063433846,8.96718666344944,-1.5990010817712508
73,2027-03,5.280271876127314,11.452473435722776,-0.4425137367616368
73,2027-04,9.885652595935055,17.316005844481417,3.0651878420753427
73,2027-05,12.5373387017473,19.354805685764493,6.4060730766769565
73,2027-06,15.857885011999825,23.262758618487275,9.330092848623499
74,2026-07,19.31874419929391,25.54164995389295,13.270272192879922
74,2026-08,20.828884722420728,27.65790645351358,14.120538638078052
74,2026-09,15.115473234632894,20.269548768814545,9.884485521025645
74,2026-10,12.466832078323776,16.784745322413574,7.732337426573604
74,2026-11,6.742604997414634,11.260391133072973,2.226736592684575
74,2026-12,3.8914991227419913,7.786947964875459,-0.09482073763508608
74,2027-01,3.0870934182548866,7.3117393184868735,-1.0923629896627651
74,2027-02,5.098102578339795,9.691566557641323,0.638440459120429
74,2027-03,7.440938155818084,12.889113185891883,1.9812059422033865
74,2027-04,11.456556661024386,18.28588432626906,5.071677395362792
74,2027-05,14.41980685503007,20.556046712429605,8.505236838061151
74,2027-06,17.224302681823392,23.788633394079838,11.45805787772918
75,2026-07,24.01401039465341,30.122126400388304,17.936636081045922
75,2026-08,23.88470645511843,30.268756172740208,17.87586547184328
75,2026-09,19.026664839384146,23.935530067042507,14.588160236241585
75,2026-10,16.015221878616416,20.59369211579424,12.095054263729502
75,2026-11,10.260985899530823,13.586798127224688,7.913352766442885
75,2026-12,7.905393946250642,10.815340164169392,5.909831400941663
75,2027-01,6.2823278570173136,9.914288925148748,3.6881124560832528
75,2027-02,8.153387559881551,11.899260824927042,5.529197294231022
75,2027-03,11.284466902683729,16.643962124811928,6.998712822656649
75,2027-04,14.834160821525717,21.214325326273098,9.345349027942568
75,2027-05,17.161587626611457,22.97491022324492,12.377463204326336
75,2027-06,21.139300768296764,27.23024832446618,16.241127334266174
76,2026-07,20.18552333767676,25.390377361734526,15.023652029326975
76,2026-08,20.709304633117327,26.268240748578176,15.176134065122678
76,2026-09,17.446785320498513,21.917546886277382,12.836460867727588
76,2026-10,14.609589770775917,18.16512060266614,10.971968346949142
76,2026-11,10.462525015574696,13.610772841173649,7.319729624762625
76,2026-12,7.684196494644135,10.459081434581798,5.033345422252863
76,2027-01,6.240845888341287,9.673248730166895,2.8541071523850547
76,2027-02,8.626825224439406,11.91430303481244,5.308746694562929
76,2027-03,10.26739554932608,15.142149224593147,5.454847809098178
76,2027-04,12.87523077948972,18.708238766738095,7.167824848017004
76,2027-05,16.11563694506772,21.52445673908741,10.749447523714906
76,2027-06,18.884299496739413,24.60462615103414,13.36898400431847
77,2026-07,23.0779203007869,31.07294668957333,15.271755576286521
77,2026-08,22.85066173670138,31.37033237500202,14.763323716798734
77,2026-09,18.228138083204115,25.053016023651313,12.011283026532885
77,2026-10,15.364176280346827,21.524985369779454,9.887961043391789
77,2026-11,9.538321965404672,14.680608166130435,5.495825085658868
77,2026-12,7.137699309617516,11.836161961543107,3.562558647294572
77,2027-01,5.541442575329943,10.960158364060602,1.3218046408847717
77,2027-02,8.072265858081241,13.81645064235502,3.879949802468723
77,2027-03,10.51314288037932,18.272671118616596,3.886527750532552
77,2027-04,13.396442629007238,22.128493405830703,5.835752241874608
77,2027-05,16.436445555290796,24.515614976550992,9.66657410422653
77,2027-06,20.27014496082933,28.730816924923257,13.319459972433258
78,2026-07,22.671746483248036,30.091294493979127,15.260634405997692
78,2026-08,22.855217996258457,30.45619309291964,15.623530379214367
78,2026-09,18.4140116669873,23.932593708351515,12.77258733512665
78,2026-10,15.389861605642661,20.559411994680016,10.254253638809715
78,2026-11,10.09000402983076,14.26202200748683,6.429137477448469
78,2026-12,7.7804935014254415,11.339505860584929,4.604846980593583
78,2027-01,6.074973458967079,10.50613298593851,2.1562055306462384
78,2027-02,8.526107534157452,12.986754511830863,4.859447236085896
78,2027-03,11.009179540914882,17.38827702405799,5.226225566924873
78,2027-04,14.150228147464281,21.63484513549922,7.336791774988711
78,2027-05,16.78602625570864,23.542778894058877,10.87036797121135
78,2027-06,20.368245425752644,27.82030457129806,13.992080377804289
79,2026-07,25.071552138899225,33.13337163941021,16.427078427866515
79,2026-08,25.23097117514625,34.01306635032675,16.131453313312164
79,2026-09,19.599728238020337,25.81807680042753,12.668485432464474
79,2026-10,17.675293263509303,23.325060754038134,11.283983018269335
79,2026-11,13.426679849993082,18.547652901667497,7.963491544414781
79,2026-12,10.131771022361855,14.562544112710848,5.2266180445611425
79,2027-01,8.778716820226345,13.957591552950941,3.2214352228707748
79,2027-02,11.413610239824411,16.973890511658436,5.640675485993894
79,2027-03,13.065081662250751,20.23196320608075,5.709099134420448
79,2027-04,16.349749276372442,24.854443290353,7.876220387113659
79,2027-05,19.45758733695763,27.668815017858716,11.224501735321827
79,2027-06,23.20515581948518,32.886240976669036,14.252381535369905
80,2026-07,20.578414553481995,26.69964977767637,14.762458373870265
80,2026-08,20.632531253851724,27.19616484958653,14.745480771868044
80,2026-09,16.86133865978369,22.4492887524127,12.203947666705702
80,2026-10,13.963520501204776,18.30323912187973,10.402334340227778
80,2026-11,9.33048772032925,12.660026696489819,6.558954774698245
80,2026-12,6.85529836576191,10.050777006223488,4.266012674627392
80,2027-01,4.9768495149943615,8.551024126304279,2.0945671586792747
80,2027-02,7.61227836788042,11.05379043403,4.831411167041283
80,2027-03,9.53393174497942,15.228864374374346,4.498668613870062
80,2027-04,12.23598386595423,18.641195393530836,6.19188800262241
80,2027-05,15.511504064884047,21.42062064123871,10.029892507384556
80,2027-06,18.768123627908928,24.149509200663218,13.560028375449212
81,2026-07,22.182612475677036,28.92341994121287,15.774485967230765
81,2026-08,23.16514107691172,31.46503356377492,16.348782824905143
81,2026-09,17.06283650342562,23.14288760941569,12.00787763308578
81,2026-10,15.0004537795398,21.21880154669909,10.682471542355124
81,2026-11,9.935789050251156,14.553151906759647,6.267656965829917
81,2026-12,7.396343541214128,12.482919886824245,3.234659919332168
81,2027-01,5.249037063057445,9.555788489229029,1.8800685335643987
81,2027-02,8.4938872451316,13.736304978964174,3.8863959573238382
81,2027-03,9.504251394221635,15.477631749193227,5.10869358994348
81,2027-04,13.872848128582717,21.58796351092224,7.429897806449489
81,2027-05,16.56937647912094,23.676154285962276,10.524673907861105
81,2027-06,21.05670804640093,29.281410468018,13.988976092769823
82,2026-07,24.028772661121735,30.638556210800946,17.120731152381175
82,2026-08,25.24284252482619,34.197339032013474,17.418365557163785
82,2026-09,19.209853390122344,25.879688215672783,12.898067085915807
82,2026-10,16.76393464085742,23.475165682509175,11.035063399488104
82,2026-11,11.737465145794337,16.637483607460425,6.835765822877859
82,2026-12,8.702328646067425,14.3870299869295,4.017559568313247
82,2027-01,7.036080905918267,11.855866453850087,2.6133126132607294
82,2027-02,10.66309330465963,16.420594209861253,5.368383332706683
82,2027-03,11.577036548604692,18.53960465219834,5.569988805807414
82,2027-04,15.774154119911104,23.794218487630296,8.484947978286169
82,2027-05,18.64381133165554,26.58079690473417,11.380129989450861
82,2027-06,23.09455612926765,32.26008257424652,15.2248262864713
83,2026-07,25.106054584698192,32.84289339193282,17.76558867592169
83,2026-08,25.090917431990988,32.6432576905881,17.5292575674829
83,2026-09,19.662808186340023,25.87504575363397,13.576822143411347
83,2026-10,16.367702872004624,21.9766225164923,10.852786606618416
83,2026-11,11.355010147679165,16.61210893651041,6.108363852011439
83,2026-12,9.40967554188682,13.678620990056881,5.03351398292553
83,2027-01,7.7320111821772555,12.19704612139605,3.4438482161595534
83,2027-02,10.016843014526687,14.516328966753125,5.385846938125879
83,2027-03,10.919330183693289,16.46615886189896,5.321732622926233
83,2027-04,14.9364181379423,21.520981118049217,7.962206854258115
83,2027-05,17.731823670408335,24.016190912386804,11.270417688743152
83,2027-06,23.099949143790933,30.25495992948355,15.668796703807498
84,2026-07,24.40683527460392,32.62322691486767,17.31688211177948
84,2026-08,25.011370057763212,33.59464299930272,17.496572820389346
84,2026-09,17.955575711326574,24.61700035118194,12.478751482133259
84,2026-10,15.164550928476123,21.45566153457044,10.640842744960219
84,2026-11,10.034008742945447,15.792995039224273,5.202301329897385
84,2026-12,7.654963273351594,12.482900756571814,2.6507284679536682
84,2027-01,5.986486961885597,11.280310492556254,1.7098535359677194
84,2027-02,8.882891633816813,14.040381159578597,4.19123387986932
84,2027-03,10.02614841620989,16.302040293015825,4.563758438643963
84,2027-04,15.007709345239599,23.170826360861966,7.701811165782859
84,2027-05,17.42894494701072,24.70103113244552,10.64117447411463
84,2027-06,22.80294787493961,31.21398253301284,14.808145360504618
85,2026-07,24.11522863660275,31.236997583296343,16.89701309008295
85,2026-08,24.51162622429926,32.17866229644718,16.881046708610484
85,2026-09,19.5841653329599,25.171727400239963,13.53399366391732
85,2026-10,17.710513436538296,23.03419117882259,12.016842824465822
85,2026-11,13.749252031844122,18.646406203285327,8.865086234273155
85,2026-12,10.383164640093717,14.459821244522361,6.112381799697918
85,2027-01,8.996259506392079,13.81866219740922,4.095519803637659
85,2027-02,11.400785308383904,16.287618779536174,6.64192694478179
85,2027-03,13.104567579688284,19.35540397893396,6.96954484058276
85,2027-04,16.223025453871916,23.496789392067388,9.274690101019992
85,2027-05,19.13039831312592,26.44220724566569,12.234066342173007
85,2027-06,22.19850673266382,30.64815128292041,14.886436816681307
86,2026-07,25.578882016967697,33.0051620658921,16.587618645034066
86,2026-08,25.46114587022161,33.94842323326391,16.372400463585258
86,2026-09,19.637417364315898,25.566569381399276,12.855487324361977
86,2026-10,17.752028254384825,22.821886984906545,11.595057952676605
86,2026-11,13.469074819486611,18.311944696357685,7.856450477282805
86,2026-12,9.697438322910756,14.048868245838538,4.768509597398558
86,2027-01,8.75609610605423,13.553657529698977,3.2390174802482794
86,2027-02,11.376138990609697,17.041916573964155,5.084576663350668
86,2027-03,12.872497827282846,19.93837512123164,5.449173218331449
86,2027-04,16.44351722149932,24.93212757332003,7.6141239897943205
86,2027-05,19.261528337405576,27.39006503024294,10.659543681152915
86,2027-06,22.905928828371174,32.93175814753447,13.736580741050759
87,2026-07,23.34580611273108,30.59027701108198,15.375022272035737
87,2026-08,24.110948919152335,32.999414551855715,15.483369337030938
87,2026-09,18.067477382670667,23.96975043551253,11.843686431863906
87,2026-10,16.643613800772584,23.033475959577483,10.54411755633038
87,2026-11,12.193981280115205,17.075617342623513,6.624929583848846
87,2026-12,8.645524961250933,13.707528178471975,3.2975747822148933
87,2027-01,7.404612322025109,11.929317574378418,2.2131692433415338
87,2027-02,10.190732881794831,15.11115797134825,4.54044877906544
87,2027-03,11.141435922992724,17.369867819689347,4.503459731346964
87,2027-04,15.028945498875377,22.0324541740123,7.040042636366174
87,2027-05,17.619962102810508,24.13175829644894,9.999677212993365
87,2027-06,21.071159966784485,27.055187172296993,13.341496421855771
88,2026-07,19.84142796324921,26.13972389726696,13.263646330836078
88,2026-08,20.657403257108793,27.211448378765404,13.802799341453435
88,2026-09,15.609065552553053,19.9373634562011,10.577358767103371
88,2026-10,12.821751662565791,17.019728405033895,7.984967048485665
88,2026-11,6.950179975092329,10.990606740767168,2.6946372292385683
88,2026-12,4.0218537410217605,7.757246884943918,0.1265203671067696
88,2027-01,2.889247725415629,6.358181797512349,-1.153359453956807
88,2027-02,5.352887510135531,9.335657679139738,1.2772914194016938
88,2027-03,7.717124221865485,13.257496050794852,1.777089800667982
88,2027-04,11.414693680341234,18.378682379981033,4.272784050958378
88,2027-05,14.388519054215662,20.950553121101787,7.649208437803375
88,2027-06,18.73495940756369,25.147626083138316,12.587629944665185
89,2026-07,23.582939232437372,30.706568884131265,15.384734159771133
89,2026-08,23.36293216613597,31.01074799998271,15.803287090749865
89,2026-09,18.334910411821227,24.09744907070491,12.546766364397586
89,2026-10,15.919748083144324,20.98964872858335,10.816716094780643
89,2026-11,10.064969308864582,14.89323652012449,5.6922911474363165
89,2026-12,7.170519216545203,11.43962840970807,3.4921790319104367
89,2027-01,6.174018042524982,11.294332113908771,1.529773676024417
89,2027-02,8.473632646994119,14.104698000694883,3.524392188109911
89,2027-03,10.531514574791277,17.68539755602631,4.2610912353484425
89,2027-04,13.953333955487508,22.56573426792474,6.194756099329665
89,2027-05,16.84110195483696,24.636455749695802,9.706997006817868
89,2027-06,20.911344854958184,29.487842365363427,13.70239094242711
90,2026-07,19.832817078438342,25.977081758170534,13.812331608496462
90,2026-08,20.76327704164717,27.013990500844073,14.379917171915832
90,2026-09,15.601335564314567,20.579037508654743,10.575773623609724
90,2026-10,12.789722843227594,17.195660565376546,8.163097158800303
90,2026-11,6.451388611486412,10.388238613047,2.426368520327069
90,2026-12,3.999675326109042,7.588056180510656,0.06769448672294759
90,2027-01,2.6936153624680967,6.727447383240716,-1.2573637201837982
90,2027-02,5.138411007827295,8.69804530645028,0.9189932822813673
90,2027-03,7.694479199154736,13.230677549870418,2.189705354743627
90,2027-04,11.402963829670028,17.909054604555294,5.044444055397264
90,2027-05,14.570103332734742,20.641201855204677,8.245123899546199
90,2027-06,19.02759365243573,24.591991794160972,13.442218072080482
91,2026-07,22.521229245122576,30.779647878778803,15.051541538690213
91,2026-08,22.674217960362924,31.00336392006084,15.286080750133976
91,2026-09,18.174756115376614,24.700912107536055,12.3949168024433
91,2026-10,15.405447529576174,21.485223041485362,9.978225725051363
91,2026-11,9.330031067284533,13.934878792507385,5.816244548422305
91,2026-12,7.122339952739347,11.233715207606389,4.1687790751354745
91,2027-01,5.35934723129134,10.43681862024135,1.5533998505237396
91,2027-02,7.385682465623157,12.344892481374492,4.1034055664692435
91,2027-03,10.37990416091911,17.354644430929543,4.6980063376561985
91,2027-04,13.533685275459323,21.41979695239037,6.878408508693892
91,2027-05,16.001597043514792,23.24856625984513,10.211943852673283
91,2027-06,19.655798957184214,27.71417654304015,13.244031755166356
92,2026-07,24.54046202307779,31.181697005862837,17.649236505621595
92,2026-08,24.541540830734696,31.126260468543347,17.669700028571462
92,2026-09,19.504084855169115,23.952284496155926,14.455578901891293
92,2026-10,16.5340990789622,20.711119282409612,11.772372900626467
92,2026-11,11.447248191942672,15.027479761864642,7.804444324171469
92,2026-12,9.053100754400637,12.161419100359339,5.80268876330003
92,2027-01,7.469108619384773,11.441773674150472,3.471862631127614
92,2027-02,9.749294335562588,14.039009169731669,5.749568996733567
92,2027-03,12.438319818646177,18.279382407667903,6.600921535222168
92,2027-04,15.90455715684373,22.827749063275352,9.143643357254971
92,2027-05,18.511440036027942,24.736993374713002,12.478813186433943
92,2027-06,22.619312158904854,29.713653011287775,16.275837574977167
93,2026-07,24.383039380664698,32.07920999178401,16.118141185552787
93,2026-08,24.242062329525652,32.43066546222588,15.823568537075218
93,2026-09,19.163983480627845,25.19885537794142,13.007041438799188
93,2026-10,16.017139615750036,21.560769944868497,10.491687909316248
93,2026-11,10.519712347977991,14.923191995627398,6.472220801756696
93,2026-12,8.171742060475392,12.058247149914488,4.839859492105831
93,2027-01,6.330486959429563,11.14738865868765,2.1219866638749285
93,2027-02,8.631972127205813,13.708988033499189,4.346129777048989
93,2027-03,11.599955857775887,18.746578224782223,5.127977644156339
93,2027-04,14.607530341231168,22.789226351815277,7.167765077513854
93,2027-05,17.467855504309018,24.637687463596205,11.018358812213922
93,2027-06,21.62061852079223,29.156239533284456,14.987489869852938
94,2026-07,24.468077362688064,30.98786721065282,17.52344394282718
94,2026-08,24.14759932374633,31.013566334543427,16.999973802873242
94,2026-09,18.978214868769715,24.521412365010043,13.471231786167028
94,2026-10,16.145473388507614,20.935001571800672,11.31516600423297
94,2026-11,10.211495131051068,13.715258941310331,6.79832507349843
94,2026-12,7.903601901112685,10.923562694512016,5.027510078512345
94,2027-01,6.233290899311118,10.118323953514064,2.4472840015523483
94,2027-02,8.52935632884689,12.493881439881086,4.995831157285651
94,2027-03,11.87426539111426,17.941521925941544,6.033322718504412
94,2027-04,15.188194649030368,21.97871728264239,8.374035396184114
94,2027-05,17.85059230062781,23.675419683002193,12.199382904546283
94,2027-06,21.694868340446288,27.68325669604043,15.647651428745103
95,2026-07,22.59918880100665,29.400318858776952,15.755362711861709
95,2026-08,22.679623827394778,29.86086834791458,15.732573873714115
95,2026-09,17.80687780233526,23.153001236145936,12.698749939556293
95,2026-10,14.82261171447341,19.589539565271846,10.301235621998538
95,2026-11,9.83756805294326,13.728901699774196,6.348750919200093
95,2026-12,7.610051310801988,10.98330368825259,4.588423712755849
95,2027-01,5.7503282019253925,9.889047029532088,2.012891021729055
95,2027-02,8.35565534965394,12.53866420087057,4.971119807141618
95,2027-03,10.76824587332734,16.733457543956813,5.288871560522174
95,2027-04,13.78394898157228,20.607206658697475,7.374771544820258
95,2027-05,16.648901198202108,22.973868702261807,10.735418083562228
95,2027-06,20.562644028551606,27.47149039638278,14.20075716775227
